{
  "IcoMoonType": "selection",
  "icons": [
    {
      "icon": {
        "paths": [
          "M1003.52 512c0 271.459-220.061 491.52-491.52 491.52s-491.52-220.061-491.52-491.52c0-271.459 220.061-491.52 491.52-491.52s491.52 220.061 491.52 491.52z",
          "M532.48 245.76h-40.96v245.76h-245.76v40.96h245.76v245.76h40.96v-245.76h245.76v-40.96h-245.76v-245.76z"
        ],
        "attrs": [
          {
            "fill": "rgb(255, 255, 255)",
            "stroke": "rgb(255, 108, 0)",
            "strokeLinejoin": "miter",
            "strokeLinecap": "butt",
            "strokeMiterlimit": "4",
            "strokeWidth": 40.96
          },
          {
            "fill": "rgb(255, 108, 0)"
          }
        ],
        "isMulticolor": true,
        "isMulticolor2": true,
        "grid": 0,
        "tags": [
          "add"
        ],
        "colorPermutations": {
          "18918918912551080125525525513333331": [
            {
              "f": 3,
              "s": 1
            },
            {
              "f": 1
            }
          ]
        }
      },
      "attrs": [
        {
          "fill": "rgb(255, 255, 255)",
          "stroke": "rgb(255, 108, 0)",
          "strokeLinejoin": "miter",
          "strokeLinecap": "butt",
          "strokeMiterlimit": "4",
          "strokeWidth": 40.96
        },
        {
          "fill": "rgb(255, 108, 0)"
        }
      ],
      "properties": {
        "order": 11,
        "id": 9,
        "name": "add",
        "prevSize": 32
      },
      "setIdx": 0,
      "setId": 6,
      "iconIdx": 0
    },
    {
      "icon": {
        "paths": [
          "M853.333 512h-682.667",
          "M426.667 768l-256-256 256-256"
        ],
        "attrs": [
          {
            "fill": "none",
            "strokeLinejoin": "round",
            "strokeLinecap": "round",
            "strokeMiterlimit": "4",
            "strokeWidth": 42.666666666666664
          },
          {
            "fill": "none",
            "strokeLinejoin": "round",
            "strokeLinecap": "round",
            "strokeMiterlimit": "4",
            "strokeWidth": 42.666666666666664
          }
        ],
        "isMulticolor": false,
        "isMulticolor2": false,
        "grid": 0,
        "tags": [
          "arrow-left"
        ],
        "colorPermutations": {
          "18918918912551080125525525513333331": [
            {
              "s": 0
            },
            {
              "s": 0
            }
          ]
        }
      },
      "attrs": [
        {
          "fill": "none",
          "strokeLinejoin": "round",
          "strokeLinecap": "round",
          "strokeMiterlimit": "4",
          "strokeWidth": 42.666666666666664
        },
        {
          "fill": "none",
          "strokeLinejoin": "round",
          "strokeLinecap": "round",
          "strokeMiterlimit": "4",
          "strokeWidth": 42.666666666666664
        }
      ],
      "properties": {
        "order": 12,
        "id": 8,
        "name": "arrow-left",
        "prevSize": 32
      },
      "setIdx": 0,
      "setId": 6,
      "iconIdx": 1
    },
    {
      "icon": {
        "paths": [
          "M204.8 204.8h614.4v614.4h-614.4v-614.4z",
          "M281.6 281.6h179.2v179.2h-179.2v-179.2z",
          "M563.2 281.6h179.2v179.2h-179.2v-179.2z",
          "M563.2 563.2h179.2v179.2h-179.2v-179.2z",
          "M281.6 563.2h179.2v179.2h-179.2v-179.2z"
        ],
        "attrs": [
          {
            "fill": "rgb(255, 255, 255)"
          },
          {
            "fill": "none",
            "stroke": "rgb(33, 33, 33)",
            "strokeLinejoin": "round",
            "strokeLinecap": "round",
            "strokeMiterlimit": "4",
            "strokeWidth": 25.6
          },
          {
            "fill": "none",
            "stroke": "rgb(33, 33, 33)",
            "strokeLinejoin": "round",
            "strokeLinecap": "round",
            "strokeMiterlimit": "4",
            "strokeWidth": 25.6
          },
          {
            "fill": "none",
            "stroke": "rgb(33, 33, 33)",
            "strokeLinejoin": "round",
            "strokeLinecap": "round",
            "strokeMiterlimit": "4",
            "strokeWidth": 25.6
          },
          {
            "fill": "none",
            "stroke": "rgb(33, 33, 33)",
            "strokeLinejoin": "round",
            "strokeLinecap": "round",
            "strokeMiterlimit": "4",
            "strokeWidth": 25.6
          }
        ],
        "isMulticolor": false,
        "isMulticolor2": true,
        "grid": 0,
        "tags": [
          "grid"
        ],
        "colorPermutations": {
          "18918918912551080125525525513333331": [
            {
              "f": 3
            },
            {
              "s": 0
            },
            {
              "s": 0
            },
            {
              "s": 0
            },
            {
              "s": 0
            }
          ]
        }
      },
      "attrs": [
        {
          "fill": "rgb(255, 255, 255)"
        },
        {
          "fill": "none",
          "stroke": "rgb(33, 33, 33)",
          "strokeLinejoin": "round",
          "strokeLinecap": "round",
          "strokeMiterlimit": "4",
          "strokeWidth": 25.6
        },
        {
          "fill": "none",
          "stroke": "rgb(33, 33, 33)",
          "strokeLinejoin": "round",
          "strokeLinecap": "round",
          "strokeMiterlimit": "4",
          "strokeWidth": 25.6
        },
        {
          "fill": "none",
          "stroke": "rgb(33, 33, 33)",
          "strokeLinejoin": "round",
          "strokeLinecap": "round",
          "strokeMiterlimit": "4",
          "strokeWidth": 25.6
        },
        {
          "fill": "none",
          "stroke": "rgb(33, 33, 33)",
          "strokeLinejoin": "round",
          "strokeLinecap": "round",
          "strokeMiterlimit": "4",
          "strokeWidth": 25.6
        }
      ],
      "properties": {
        "order": 13,
        "id": 7,
        "name": "grid",
        "prevSize": 32
      },
      "setIdx": 0,
      "setId": 6,
      "iconIdx": 2
    },
    {
      "icon": {
        "paths": [
          "M426.667 938.667h-213.333c-47.128 0-85.333-38.204-85.333-85.333v-682.667c0-47.128 38.205-85.333 85.333-85.333h213.333",
          "M725.333 682.667l170.667-170.667-170.667-170.667",
          "M896 512h-512"
        ],
        "attrs": [
          {
            "fill": "none",
            "stroke": "rgb(189, 189, 189)",
            "strokeLinejoin": "round",
            "strokeLinecap": "round",
            "strokeMiterlimit": "4",
            "strokeWidth": 42.666666666666664
          },
          {
            "fill": "none",
            "stroke": "rgb(189, 189, 189)",
            "strokeLinejoin": "round",
            "strokeLinecap": "round",
            "strokeMiterlimit": "4",
            "strokeWidth": 42.666666666666664
          },
          {
            "fill": "none",
            "stroke": "rgb(189, 189, 189)",
            "strokeLinejoin": "round",
            "strokeLinecap": "round",
            "strokeMiterlimit": "4",
            "strokeWidth": 42.666666666666664
          }
        ],
        "isMulticolor": false,
        "isMulticolor2": false,
        "grid": 0,
        "tags": [
          "log-out"
        ],
        "colorPermutations": {
          "18918918912551080125525525513333331": [
            {
              "s": 2
            },
            {
              "s": 2
            },
            {
              "s": 2
            }
          ]
        }
      },
      "attrs": [
        {
          "fill": "none",
          "stroke": "rgb(189, 189, 189)",
          "strokeLinejoin": "round",
          "strokeLinecap": "round",
          "strokeMiterlimit": "4",
          "strokeWidth": 42.666666666666664
        },
        {
          "fill": "none",
          "stroke": "rgb(189, 189, 189)",
          "strokeLinejoin": "round",
          "strokeLinecap": "round",
          "strokeMiterlimit": "4",
          "strokeWidth": 42.666666666666664
        },
        {
          "fill": "none",
          "stroke": "rgb(189, 189, 189)",
          "strokeLinejoin": "round",
          "strokeLinecap": "round",
          "strokeMiterlimit": "4",
          "strokeWidth": 42.666666666666664
        }
      ],
      "properties": {
        "order": 14,
        "id": 6,
        "name": "log-out",
        "prevSize": 32
      },
      "setIdx": 0,
      "setId": 6,
      "iconIdx": 3
    },
    {
      "icon": {
        "paths": [
          "M853.333 442.18c0 244.365-341.333 453.82-341.333 453.82s-341.333-209.455-341.333-453.82c0-173.516 152.82-314.18 341.333-314.18s341.333 140.664 341.333 314.18v0z",
          "M512 597.333c70.694 0 128-57.306 128-128 0-70.692-57.306-128-128-128s-128 57.308-128 128c0 70.694 57.306 128 128 128z"
        ],
        "attrs": [
          {
            "fill": "none",
            "stroke": "rgb(189, 189, 189)",
            "strokeLinejoin": "round",
            "strokeLinecap": "round",
            "strokeMiterlimit": "4",
            "strokeWidth": 42.666666666666664
          },
          {
            "fill": "none",
            "stroke": "rgb(189, 189, 189)",
            "strokeLinejoin": "round",
            "strokeLinecap": "round",
            "strokeMiterlimit": "4",
            "strokeWidth": 42.666666666666664
          }
        ],
        "isMulticolor": false,
        "isMulticolor2": false,
        "grid": 0,
        "tags": [
          "map-pin"
        ],
        "colorPermutations": {
          "18918918912551080125525525513333331": [
            {
              "s": 2
            },
            {
              "s": 2
            }
          ]
        }
      },
      "attrs": [
        {
          "fill": "none",
          "stroke": "rgb(189, 189, 189)",
          "strokeLinejoin": "round",
          "strokeLinecap": "round",
          "strokeMiterlimit": "4",
          "strokeWidth": 42.666666666666664
        },
        {
          "fill": "none",
          "stroke": "rgb(189, 189, 189)",
          "strokeLinejoin": "round",
          "strokeLinecap": "round",
          "strokeMiterlimit": "4",
          "strokeWidth": 42.666666666666664
        }
      ],
      "properties": {
        "order": 15,
        "id": 5,
        "name": "map-pin",
        "prevSize": 32
      },
      "setIdx": 0,
      "setId": 6,
      "iconIdx": 4
    },
    {
      "icon": {
        "paths": [
          "M128 490.667c-0.147 56.316 13.010 111.868 38.4 162.133 61.399 122.85 186.927 200.482 324.267 200.533 56.316 0.145 111.868-13.009 162.133-38.4l243.2 81.067-81.067-243.2c25.391-50.266 38.545-105.818 38.4-162.133-0.051-137.34-77.683-262.868-200.533-324.267-50.266-25.39-105.818-38.547-162.133-38.4h-21.333c-184.141 10.159-331.174 157.192-341.333 341.333v21.333z"
        ],
        "attrs": [
          {
            "fill": "none",
            "stroke": "rgb(189, 189, 189)",
            "strokeLinejoin": "round",
            "strokeLinecap": "round",
            "strokeMiterlimit": "4",
            "strokeWidth": 42.666666666666664
          }
        ],
        "isMulticolor": false,
        "isMulticolor2": false,
        "grid": 0,
        "tags": [
          "message-circle"
        ],
        "colorPermutations": {
          "18918918912551080125525525513333331": [
            {
              "s": 2
            }
          ]
        }
      },
      "attrs": [
        {
          "fill": "none",
          "stroke": "rgb(189, 189, 189)",
          "strokeLinejoin": "round",
          "strokeLinecap": "round",
          "strokeMiterlimit": "4",
          "strokeWidth": 42.666666666666664
        }
      ],
      "properties": {
        "order": 16,
        "id": 4,
        "name": "message-circle",
        "prevSize": 32
      },
      "setIdx": 0,
      "setId": 6,
      "iconIdx": 5
    },
    {
      "icon": {
        "paths": [
          "M1024 512c0 282.77-229.23 512-512 512s-512-229.23-512-512c0-282.77 229.23-512 512-512s512 229.23 512 512z",
          "M512 301.176l10.65-10.648c-5.882-5.881-15.417-5.881-21.299 0l10.65 10.648zM651.939 462.414c5.882 5.879 15.417 5.879 21.299 0 5.879-5.882 5.879-15.417 0-21.299l-21.299 21.299zM350.762 441.115c-5.879 5.882-5.879 15.417 0 21.299 5.882 5.879 15.417 5.879 21.299 0l-21.299-21.299zM496.941 722.824c0 8.315 6.743 15.059 15.059 15.059s15.059-6.743 15.059-15.059h-30.118zM501.35 311.826l150.588 150.588 21.299-21.299-150.588-150.587-21.299 21.298zM501.35 290.528l-150.588 150.587 21.299 21.299 150.588-150.588-21.299-21.298zM496.941 301.176v210.824h30.118v-210.824h-30.118zM496.941 512v210.824h30.118v-210.824h-30.118z"
        ],
        "attrs": [
          {
            "fill": "rgb(255, 108, 0)"
          },
          {
            "fill": "rgb(255, 255, 255)"
          }
        ],
        "isMulticolor": true,
        "isMulticolor2": false,
        "grid": 0,
        "tags": [
          "Send"
        ],
        "colorPermutations": {
          "18918918912551080125525525513333331": [
            {
              "f": 1
            },
            {
              "f": 3
            }
          ]
        }
      },
      "attrs": [
        {
          "fill": "rgb(255, 108, 0)"
        },
        {
          "fill": "rgb(255, 255, 255)"
        }
      ],
      "properties": {
        "order": 17,
        "id": 3,
        "name": "Send",
        "prevSize": 32
      },
      "setIdx": 0,
      "setId": 6,
      "iconIdx": 6
    },
    {
      "icon": {
        "paths": [
          "M128 256h768",
          "M832 256c0-11.782-9.553-21.333-21.333-21.333s-21.333 9.551-21.333 21.333h42.667zM234.667 256c0-11.782-9.551-21.333-21.333-21.333s-21.333 9.551-21.333 21.333h42.667zM320 256c0 11.782 9.551 21.333 21.333 21.333s21.333-9.551 21.333-21.333h-42.667zM661.333 256c0 11.782 9.553 21.333 21.333 21.333s21.333-9.551 21.333-21.333h-42.667zM789.333 256v597.333h42.667v-597.333h-42.667zM789.333 853.333c0 35.345-28.655 64-64 64v42.667c58.91 0 106.667-47.757 106.667-106.667h-42.667zM725.333 917.333h-426.667v42.667h426.667v-42.667zM298.667 917.333c-35.346 0-64-28.655-64-64h-42.667c0 58.91 47.756 106.667 106.667 106.667v-42.667zM234.667 853.333v-597.333h-42.667v597.333h42.667zM362.667 256v-85.333h-42.667v85.333h42.667zM362.667 170.667c0-35.346 28.654-64 64-64v-42.667c-58.91 0-106.667 47.756-106.667 106.667h42.667zM426.667 106.667h170.667v-42.667h-170.667v42.667zM597.333 106.667c35.345 0 64 28.654 64 64h42.667c0-58.91-47.757-106.667-106.667-106.667v42.667zM661.333 170.667v85.333h42.667v-85.333h-42.667z",
          "M426.667 469.333v256",
          "M597.333 469.333v256"
        ],
        "attrs": [
          {
            "fill": "none",
            "stroke": "rgb(189, 189, 189)",
            "strokeLinejoin": "round",
            "strokeLinecap": "round",
            "strokeMiterlimit": "4",
            "strokeWidth": 42.666666666666664
          },
          {
            "fill": "rgb(189, 189, 189)"
          },
          {
            "fill": "none",
            "stroke": "rgb(189, 189, 189)",
            "strokeLinejoin": "round",
            "strokeLinecap": "round",
            "strokeMiterlimit": "4",
            "strokeWidth": 42.666666666666664
          },
          {
            "fill": "none",
            "stroke": "rgb(189, 189, 189)",
            "strokeLinejoin": "round",
            "strokeLinecap": "round",
            "strokeMiterlimit": "4",
            "strokeWidth": 42.666666666666664
          }
        ],
        "isMulticolor": false,
        "isMulticolor2": true,
        "grid": 0,
        "tags": [
          "trash-2"
        ],
        "colorPermutations": {
          "18918918912551080125525525513333331": [
            {
              "s": 2
            },
            {
              "f": 2
            },
            {
              "s": 2
            },
            {
              "s": 2
            }
          ]
        }
      },
      "attrs": [
        {
          "fill": "none",
          "stroke": "rgb(189, 189, 189)",
          "strokeLinejoin": "round",
          "strokeLinecap": "round",
          "strokeMiterlimit": "4",
          "strokeWidth": 42.666666666666664
        },
        {
          "fill": "rgb(189, 189, 189)"
        },
        {
          "fill": "none",
          "stroke": "rgb(189, 189, 189)",
          "strokeLinejoin": "round",
          "strokeLinecap": "round",
          "strokeMiterlimit": "4",
          "strokeWidth": 42.666666666666664
        },
        {
          "fill": "none",
          "stroke": "rgb(189, 189, 189)",
          "strokeLinejoin": "round",
          "strokeLinecap": "round",
          "strokeMiterlimit": "4",
          "strokeWidth": 42.666666666666664
        }
      ],
      "properties": {
        "order": 18,
        "id": 2,
        "name": "trash-2",
        "prevSize": 32
      },
      "setIdx": 0,
      "setId": 6,
      "iconIdx": 7
    },
    {
      "icon": {
        "paths": [
          "M548.571 36.571h-73.143v438.857h-438.857v73.143h438.857v438.857h73.143v-438.857h438.857v-73.143h-438.857v-438.857z"
        ],
        "attrs": [
          {
            "fill": "rgb(255, 255, 255)"
          }
        ],
        "isMulticolor": false,
        "isMulticolor2": false,
        "grid": 0,
        "tags": [
          "Union"
        ],
        "colorPermutations": {
          "18918918912551080125525525513333331": [
            {
              "f": 3
            }
          ]
        }
      },
      "attrs": [
        {
          "fill": "rgb(255, 255, 255)"
        }
      ],
      "properties": {
        "order": 19,
        "id": 1,
        "name": "Union",
        "prevSize": 32
      },
      "setIdx": 0,
      "setId": 6,
      "iconIdx": 8
    },
    {
      "icon": {
        "paths": [
          "M716.8 742.4v-51.2c0-56.553-45.847-102.4-102.4-102.4h-204.8c-56.553 0-102.4 45.847-102.4 102.4v51.2",
          "M512 486.4c56.553 0 102.4-45.847 102.4-102.4s-45.847-102.4-102.4-102.4c-56.553 0-102.4 45.847-102.4 102.4s45.847 102.4 102.4 102.4z"
        ],
        "attrs": [
          {
            "fill": "none",
            "strokeLinejoin": "round",
            "strokeLinecap": "round",
            "strokeMiterlimit": "4",
            "strokeWidth": 25.6
          },
          {
            "fill": "none",
            "strokeLinejoin": "round",
            "strokeLinecap": "round",
            "strokeMiterlimit": "4",
            "strokeWidth": 25.6
          }
        ],
        "isMulticolor": false,
        "isMulticolor2": false,
        "grid": 0,
        "tags": [
          "user"
        ],
        "colorPermutations": {
          "18918918912551080125525525513333331": [
            {
              "s": 0
            },
            {
              "s": 0
            }
          ]
        }
      },
      "attrs": [
        {
          "fill": "none",
          "strokeLinejoin": "round",
          "strokeLinecap": "round",
          "strokeMiterlimit": "4",
          "strokeWidth": 25.6
        },
        {
          "fill": "none",
          "strokeLinejoin": "round",
          "strokeLinecap": "round",
          "strokeMiterlimit": "4",
          "strokeWidth": 25.6
        }
      ],
      "properties": {
        "order": 20,
        "id": 0,
        "name": "user",
        "prevSize": 32
      },
      "setIdx": 0,
      "setId": 6,
      "iconIdx": 9
    }
  ],
  "height": 1024,
  "preferences": {
    "showGlyphs": true,
    "showQuickUse": true,
    "showQuickUse2": true,
    "showSVGs": true,
    "fontPref": {
      "prefix": "icon-",
      "metadata": {
        "fontFamily": "icomoon"
      },
      "metrics": {
        "emSize": 1024,
        "baseline": 6.25,
        "whitespace": 50
      },
      "embed": false
    },
    "imagePref": {
      "prefix": "icon-",
      "png": true,
      "useClassSelector": true,
      "color": 0,
      "bgColor": 16777215,
      "classSelector": ".icon",
      "name": "icomoon"
    },
    "historySize": 50,
    "showCodes": true,
    "gridSize": 16
  }
}